{
    "point0": {
        "x": 137.0075204773704,
        "y": 111.39262703949419
    },
    "point1": {
        "x": 228.94034739576855,
        "y": 20.74619787615696
    },
    "point2": {
        "x": 130.44144743791315,
        "y": 121.89410188327449
    },
    "point3": {
        "x": 203.5501442003661,
        "y": 142.7589499853505
    },
    "point4": {
        "x": 196.5262150376614,
        "y": 72.36166601483602
    },
    "point5": {
        "x": 197.40550691057234,
        "y": 89.952355658546
    },
    "point6": {
        "x": 186.6042647315777,
        "y": 267.4992084376346
    },
    "point7": {
        "x": 161.474207060667,
        "y": 155.37222826438753
    },
    "point8": {
        "x": 177.18179383265556,
        "y": 156.33893937303154
    },
    "point9": {
        "x": 222.50694857378008,
        "y": 175.52930573250237
    },
    "point10": {
        "x": 144.69221927244698,
        "y": 156.51156635687192
    },
    "point11": {
        "x": 165.79262276810968,
        "y": 94.10115750126877
    },
    "point12": {
        "x": 128.44613126470227,
        "y": 125.84725981137419
    },
    "point13": {
        "x": 126.54706893556916,
        "y": 128.24677488527837
    },
    "point14": {
        "x": 127.66309323579188,
        "y": 128.59202885295915
    },
    "point15": {
        "x": 195.44921256603328,
        "y": 72.71267421548848
    },
    "point16": {
        "x": 185.49604479704303,
        "y": 113.53895587053057
    },
    "point17": {
        "x": 186.5860545448436,
        "y": 69.87008321659201
    },
    "point18": {
        "x": 196.79676638319918,
        "y": 73.47798717674804
    }
}