{
    "x": [
        137.0075204773704,
        228.94034739576855,
        130.44144743791315,
        203.5501442003661,
        196.5262150376614,
        197.40550691057234,
        186.6042647315777,
        161.474207060667,
        177.18179383265556,
        222.50694857378008,
        144.69221927244698,
        165.79262276810968,
        128.44613126470227,
        126.54706893556916,
        127.66309323579188,
        195.44921256603328,
        185.49604479704303,
        186.5860545448436,
        196.79676638319918
    ],
    "y": [
        111.39262703949419,
        20.74619787615696,
        121.89410188327449,
        142.7589499853505,
        72.36166601483602,
        89.952355658546,
        267.4992084376346,
        155.37222826438753,
        156.33893937303154,
        175.52930573250237,
        156.51156635687192,
        94.10115750126877,
        125.84725981137419,
        128.24677488527837,
        128.59202885295915,
        72.71267421548848,
        113.53895587053057,
        69.87008321659201,
        73.47798717674804
    ]
}