{
    "x": [
        -155.70999093850023,
        317.3977012996592,
        -174.41979136266508,
        -126.51316862313206,
        -50.422674544197,
        -33.50043466905151,
        -85.45886132433711
    ],
    "y": [
        18.440521569065638,
        308.026644699945,
        -8.440890705917854,
        -5.1825376999351604,
        30.333510029329595,
        2.148756556269599,
        124.66282946422498
    ]
}