{
    "x": [
        136.3259392031766,
        156.9814938518415,
        135.50908225611744,
        137.60065227336744,
        140.9227106217679,
        141.66152391156066,
        139.39305493749256
    ],
    "y": [
        294.1930943570113,
        314.6493919304005,
        292.2941975357659,
        292.52436684764075,
        295.03321234453693,
        293.04224779884646,
        301.6966139170749
    ]
}