{
    "x": [
        135.74061177286757,
        172.02570953621597,
        186.7915695092488,
        148.71667053713335,
        201.54442220614777,
        218.53452641401523,
        151.4429956343331,
        161.75776568249307,
        215.93307116855757,
        170.79001829458113,
        144.5595450549396,
        143.36027418677298,
        185.10582651020894,
        112.954465278165,
        143.98202199039582,
        171.89823822911583,
        124.99400015399809
    ],
    "y": [
        296.1437792733721,
        314.4134683861849,
        290.8901647347333,
        270.6122483777882,
        250.91550953284462,
        158.33565815185136,
        306.27122898619047,
        363.7560145724988,
        215.71111331501,
        313.9473755300419,
        321.5832424442482,
        308.4751001452613,
        71.63087845072306,
        87.92686571597183,
        281.9653496754054,
        119.02273972062366,
        284.1692208345813
    ]
}