{
    "x": [
        192.63703944576324,
        197.1401584755962,
        201.1229864563299,
        188.36805138799986,
        162.78534050444188,
        130.6677740442947,
        120.73281646196133,
        129.10429944183196,
        197.9075877729761,
        206.00071504154366,
        193.27699743612018,
        195.56367659684514,
        212.59800554398467,
        216.81236304154572,
        121.57568796148125,
        127.49399864489351,
        198.29780605977155,
        198.1859434842405
    ],
    "y": [
        74.7439183907189,
        72.85653003515395,
        77.4771789665708,
        69.2658887733872,
        236.9442323153392,
        166.8231515188957,
        156.2813970452074,
        127.49297038969931,
        73.0464197172785,
        81.03904906463579,
        70.11751522654068,
        70.4167353317098,
        88.66340751326675,
        104.67168313918458,
        156.8510660916336,
        128.4999611282513,
        79.69831282408349,
        74.36413902657496
    ]
}